<?xml version="1.0" encoding="UTF-8"?>
<!DOCTYPE mapper PUBLIC "-//mybatis.org//DTD Mapper 3.0//EN" "http://mybatis.org/dtd/mybatis-3-mapper.dtd">
<mapper namespace="com.hwua.dao.ItemsMapper">
  <resultMap id="BaseResultMap" type="com.hwua.entity.Items">
    <id column="id" jdbcType="INTEGER" property="id" />
    <result column="name" jdbcType="VARCHAR" property="name" />
    <result column="price" jdbcType="REAL" property="price" />
    <result column="pic" jdbcType="VARCHAR" property="pic" />
    <result column="createtime" jdbcType="TIMESTAMP" property="createtime" />
  </resultMap>
  <resultMap extends="BaseResultMap" id="ResultMapWithBLOBs" type="com.hwua.entity.Items">
    <result column="detail" jdbcType="LONGVARCHAR" property="detail" />
  </resultMap>
  <sql id="Base_Column_List">
    id, name, price, pic, createtime
  </sql>
  <sql id="Blob_Column_List">
    detail
  </sql>
  <select id="selectByPrimaryKey" parameterType="java.lang.Integer" resultMap="ResultMapWithBLOBs">
    select 
    <include refid="Base_Column_List" />
    ,
    <include refid="Blob_Column_List" />
    from items
    where id = #{id,jdbcType=INTEGER}
  </select>
  <delete id="deleteByPrimaryKey" parameterType="java.lang.Integer">
    delete from items
    where id = #{id,jdbcType=INTEGER}
  </delete>
  <insert id="insert" parameterType="com.hwua.entity.Items">
    insert into items (id, name, price, 
      pic, createtime, detail
      )
    values (#{id,jdbcType=INTEGER}, #{name,jdbcType=VARCHAR}, #{price,jdbcType=REAL}, 
      #{pic,jdbcType=VARCHAR}, #{createtime,jdbcType=TIMESTAMP}, #{detail,jdbcType=LONGVARCHAR}
      )
  </insert>
  <insert id="insertSelective" parameterType="com.hwua.entity.Items">
    insert into items
    <trim prefix="(" suffix=")" suffixOverrides=",">
      <if test="id != null">
        id,
      </if>
      <if test="name != null">
        name,
      </if>
      <if test="price != null">
        price,
      </if>
      <if test="pic != null">
        pic,
      </if>
      <if test="createtime != null">
        createtime,
      </if>
      <if test="detail != null">
        detail,
      </if>
    </trim>
    <trim prefix="values (" suffix=")" suffixOverrides=",">
      <if test="id != null">
        #{id,jdbcType=INTEGER},
      </if>
      <if test="name != null">
        #{name,jdbcType=VARCHAR},
      </if>
      <if test="price != null">
        #{price,jdbcType=REAL},
      </if>
      <if test="pic != null">
        #{pic,jdbcType=VARCHAR},
      </if>
      <if test="createtime != null">
        #{createtime,jdbcType=TIMESTAMP},
      </if>
      <if test="detail != null">
        #{detail,jdbcType=LONGVARCHAR},
      </if>
    </trim>
  </insert>
  <update id="updateByPrimaryKeySelective" parameterType="com.hwua.entity.Items">
    update items
    <set>
      <if test="name != null">
        name = #{name,jdbcType=VARCHAR},
      </if>
      <if test="price != null">
        price = #{price,jdbcType=REAL},
      </if>
      <if test="pic != null">
        pic = #{pic,jdbcType=VARCHAR},
      </if>
      <if test="createtime != null">
        createtime = #{createtime,jdbcType=TIMESTAMP},
      </if>
      <if test="detail != null">
        detail = #{detail,jdbcType=LONGVARCHAR},
      </if>
    </set>
    where id = #{id,jdbcType=INTEGER}
  </update>
  <update id="updateByPrimaryKeyWithBLOBs" parameterType="com.hwua.entity.Items">
    update items
    set name = #{name,jdbcType=VARCHAR},
      price = #{price,jdbcType=REAL},
      pic = #{pic,jdbcType=VARCHAR},
      createtime = #{createtime,jdbcType=TIMESTAMP},
      detail = #{detail,jdbcType=LONGVARCHAR}
    where id = #{id,jdbcType=INTEGER}
  </update>
  <update id="updateByPrimaryKey" parameterType="com.hwua.entity.Items">
    update items
    set name = #{name,jdbcType=VARCHAR},
      price = #{price,jdbcType=REAL},
      pic = #{pic,jdbcType=VARCHAR},
      createtime = #{createtime,jdbcType=TIMESTAMP}
    where id = #{id,jdbcType=INTEGER}
  </update>
</mapper>