<?xml version="1.0" encoding="UTF-8"?>
<!DOCTYPE mapper PUBLIC "-//mybatis.org//DTD Mapper 3.0//EN" "http://mybatis.org/dtd/mybatis-3-mapper.dtd">
<mapper namespace="com.hwua.dao.OrderdetailMapper">
  <resultMap id="BaseResultMap" type="com.hwua.entity.Orderdetail">
    <id column="id" jdbcType="INTEGER" property="id" />
    <result column="orders_id" jdbcType="INTEGER" property="ordersId" />
    <result column="items_id" jdbcType="INTEGER" property="itemsId" />
    <result column="items_num" jdbcType="INTEGER" property="itemsNum" />
  </resultMap>
  <sql id="Base_Column_List">
    id, orders_id, items_id, items_num
  </sql>
  <select id="selectByPrimaryKey" parameterType="java.lang.Integer" resultMap="BaseResultMap">
    select 
    <include refid="Base_Column_List" />
    from orderdetail
    where id = #{id,jdbcType=INTEGER}
  </select>
  <delete id="deleteByPrimaryKey" parameterType="java.lang.Integer">
    delete from orderdetail
    where id = #{id,jdbcType=INTEGER}
  </delete>
  <insert id="insert" parameterType="com.hwua.entity.Orderdetail">
    insert into orderdetail (id, orders_id, items_id, 
      items_num)
    values (#{id,jdbcType=INTEGER}, #{ordersId,jdbcType=INTEGER}, #{itemsId,jdbcType=INTEGER}, 
      #{itemsNum,jdbcType=INTEGER})
  </insert>
  <insert id="insertSelective" parameterType="com.hwua.entity.Orderdetail">
    insert into orderdetail
    <trim prefix="(" suffix=")" suffixOverrides=",">
      <if test="id != null">
        id,
      </if>
      <if test="ordersId != null">
        orders_id,
      </if>
      <if test="itemsId != null">
        items_id,
      </if>
      <if test="itemsNum != null">
        items_num,
      </if>
    </trim>
    <trim prefix="values (" suffix=")" suffixOverrides=",">
      <if test="id != null">
        #{id,jdbcType=INTEGER},
      </if>
      <if test="ordersId != null">
        #{ordersId,jdbcType=INTEGER},
      </if>
      <if test="itemsId != null">
        #{itemsId,jdbcType=INTEGER},
      </if>
      <if test="itemsNum != null">
        #{itemsNum,jdbcType=INTEGER},
      </if>
    </trim>
  </insert>
  <update id="updateByPrimaryKeySelective" parameterType="com.hwua.entity.Orderdetail">
    update orderdetail
    <set>
      <if test="ordersId != null">
        orders_id = #{ordersId,jdbcType=INTEGER},
      </if>
      <if test="itemsId != null">
        items_id = #{itemsId,jdbcType=INTEGER},
      </if>
      <if test="itemsNum != null">
        items_num = #{itemsNum,jdbcType=INTEGER},
      </if>
    </set>
    where id = #{id,jdbcType=INTEGER}
  </update>
  <update id="updateByPrimaryKey" parameterType="com.hwua.entity.Orderdetail">
    update orderdetail
    set orders_id = #{ordersId,jdbcType=INTEGER},
      items_id = #{itemsId,jdbcType=INTEGER},
      items_num = #{itemsNum,jdbcType=INTEGER}
    where id = #{id,jdbcType=INTEGER}
  </update>
</mapper>