<?xml version="1.0" encoding="UTF-8"?>
<!DOCTYPE generatorConfiguration PUBLIC "-//mybatis.org//DTD MyBatis Generator Configuration 1.0//EN" "http://mybatis.org/dtd/mybatis-generator-config_1_0.dtd">
<generatorConfiguration>
<!-- 数据库驱动包位置 -->  
    <!-- <classPathEntry location="D:\generator\mysql-connector-java-5.1.34.jar" /> -->    
    <classPathEntry location="D:\JavaDev\myApps\mavenRepo\mysql\mysql-connector-java\5.1.46\mysql-connector-java-5.1.46.jar" />
    <context id="MySqlTables" targetRuntime="MyBatis3">  
        <commentGenerator>  
            <property name="suppressAllComments" value="true" />  
        </commentGenerator>  
        <!-- 数据库链接URL、用户名、密码 -->  
         <jdbcConnection driverClass="com.mysql.jdbc.Driver" connectionURL="jdbc:mysql://localhost:3306/mybatis?characterEncoding=utf8" userId="root" password="root"> 
		<!-- <jdbcConnection driverClass="oracle.jdbc.driver.OracleDriver" connectionURL="jdbc:oracle:thin:@localhost:1521:orcl" userId="scott" password="tiger">  -->
        </jdbcConnection>  
        <javaTypeResolver>  
            <property name="forceBigDecimals" value="false" />  
        </javaTypeResolver>  
        <!-- 生成模型(实体类)的包名和位置   targetProject项目名-->  
        <javaModelGenerator targetPackage="com.hwua.entity" targetProject="ssm">  
            <property name="enableSubPackages" value="true" />  
            <property name="trimStrings" value="true" />  
        </javaModelGenerator>  
        <!-- 生成的映射文件包名和位置  -->  
        <sqlMapGenerator targetPackage="com.hwua.mapper" targetProject="ssm">  
            <property name="enableSubPackages" value="true" />  
        </sqlMapGenerator>  
        <!-- 生成DAO的包名和位置 -->  
        <javaClientGenerator type="XMLMAPPER" targetPackage="com.hwua.dao" targetProject="ssm">  
            <property name="enableSubPackages" value="true" />  
        </javaClientGenerator>  
        <!-- 要生成那些表(更改tableName和domainObjectName就可以) -->  
        <table tableName="items" domainObjectName="Items" enableCountByExample="false" enableUpdateByExample="false" enableDeleteByExample="false" enableSelectByExample="false" selectByExampleQueryId="false" />  
        <table tableName="orderdetail" domainObjectName="Orderdetail" enableCountByExample="false" enableUpdateByExample="false" enableDeleteByExample="false" enableSelectByExample="false" selectByExampleQueryId="false" />  
        <table tableName="orders" domainObjectName="Orders" enableCountByExample="false" enableUpdateByExample="false" enableDeleteByExample="false" enableSelectByExample="false" selectByExampleQueryId="false" />  
        <table tableName="users" domainObjectName="Users" enableCountByExample="false" enableUpdateByExample="false" enableDeleteByExample="false" enableSelectByExample="false" selectByExampleQueryId="false" />  
        <!-- <table tableName="course_info" domainObjectName="CourseInfo" enableCountByExample="false" enableUpdateByExample="false" enableDeleteByExample="false" enableSelectByExample="false" selectByExampleQueryId="false" />  
        <table tableName="course_user_info" domainObjectName="CourseUserInfo" enableCountByExample="false" enableUpdateByExample="false" enableDeleteByExample="false" enableSelectByExample="false" selectByExampleQueryId="false" /> -->  
    </context>  
</generatorConfiguration>